GOI,NON_GOI,mcc,TP,TN,FP,FN,sensitivity,specificity,untypeable,snp_sets,partition,type,set
0.949542781117512,0.949542781117512,0.949542781117512,2582,3479,30,125,0.95382342076099,0.991450555713879,0,"1232129, 196093, 196090, 196089, 196077",training,mcc,1
0.955137123647945,0.955137123647945,0.955137123647945,10502,13800,112,440,0.959787972948273,0.991949396204715,7,"1232129, 196093, 196090, 196089, 196077",validation,mcc,1
0.954020414383838,0.954020414383838,0.954020414383838,13084,17279,142,565,0.958605026009231,0.991848917972562,7,"1232129, 196093, 196090, 196089, 196077",all,mcc,1
0.915850266214962,0.915850266214962,0.915850266214962,2519,3439,70,188,0.930550424824529,0.980051296665717,0,"1273965, 196093, 1327636, 2137739, 196090",training,mcc,1
0.915650686999006,0.915650686999006,0.915650686999006,10197,13626,286,751,0.931402995981001,0.979442208165612,1,"1273965, 196093, 1327636, 2137739, 196090",validation,mcc,1
0.915691864140785,0.915691864140785,0.915691864140785,12716,17065,356,939,0.931233980227023,0.979564892945296,1,"1273965, 196093, 1327636, 2137739, 196090",all,mcc,1
0.915850266214962,0.915850266214962,0.915850266214962,2519,3439,70,188,0.930550424824529,0.980051296665717,0,"1273967, 196093, 1327636, 2137739, 196090",training,mcc,1
0.915650686999006,0.915650686999006,0.915650686999006,10197,13626,286,751,0.931402995981001,0.979442208165612,1,"1273967, 196093, 1327636, 2137739, 196090",validation,mcc,1
0.915691864140785,0.915691864140785,0.915691864140785,12716,17065,356,939,0.931233980227023,0.979564892945296,1,"1273967, 196093, 1327636, 2137739, 196090",all,mcc,1
0.904206082497852,0.904206082497852,0.904206082497852,2417,3498,11,290,0.892870336165497,0.996865203761755,0,"1274076, 196093, 196090, 115374, 196089",training,mcc,1
0.91215568747215,0.91215568747215,0.91215568747215,9840,13888,24,1082,0.900933894891046,0.998274870615296,27,"1274076, 196093, 196090, 115374, 196089",validation,mcc,1
0.910569100472495,0.910569100472495,0.910569100472495,12257,17386,35,1372,0.899332306111967,0.997990930486195,27,"1274076, 196093, 196090, 115374, 196089",all,mcc,1
0.938118716650721,0.938118716650721,0.938118716650721,2542,3483,26,165,0.939046915404507,0.992590481618695,0,"196090, 526871, 196093, 196089, 1556892",training,mcc,1
0.933655071751405,0.933655071751405,0.933655071751405,10256,13778,134,686,0.937305794187534,0.99036802760207,7,"196090, 526871, 196093, 196089, 1556892",validation,mcc,1
0.934546983351323,0.934546983351323,0.934546983351323,12798,17261,160,851,0.937651109971427,0.990815682222605,7,"196090, 526871, 196093, 196089, 1556892",all,mcc,1
0.890367037223434,0.890367037223434,0.890367037223434,2537,3344,165,170,0.937199852234946,0.952978056426332,0,"365764, 770335, 463854, 1999517, 704432",training,mcc,1
0.902592607789877,0.902592607789877,0.902592607789877,10310,13339,566,626,0.942757863935625,0.959295217547645,20,"365764, 770335, 463854, 1999517, 704432",validation,mcc,1
0.90014982093371,0.90014982093371,0.90014982093371,12847,16683,731,796,0.941655061203548,0.958022280923395,20,"365764, 770335, 463854, 1999517, 704432",all,mcc,1
0.888194229345007,0.888194229345007,0.888194229345007,2478,3396,113,229,0.915404506834134,0.967797093188943,0,"1273998, 1365515, 196093, 1504424, 196089",training,mcc,1
0.892863332686247,0.892863332686247,0.892863332686247,10100,13435,477,835,0.923639689071788,0.965713053479011,14,"1273998, 1365515, 196093, 1504424, 196089",validation,mcc,1
0.891929339737845,0.891929339737845,0.891929339737845,12578,16831,590,1064,0.922005571030641,0.966132828195856,14,"1273998, 1365515, 196093, 1504424, 196089",all,mcc,1
0.884725406732381,0.884725406732381,0.884725406732381,2377,3478,31,330,0.878093830809014,0.991165574237675,0,"620999, 526871, 1523317, 196093, 1531841",training,mcc,1
0.882815178739945,0.882815178739945,0.882815178739945,9626,13757,155,1313,0.879970746869001,0.988858539390454,10,"620999, 526871, 1523317, 196093, 1531841",validation,mcc,1
0.883197460243907,0.883197460243907,0.883197460243907,12003,17235,186,1643,0.87959841711857,0.989323230583778,10,"620999, 526871, 1523317, 196093, 1531841",all,mcc,1
0.89604418995336,0.89604418995336,0.89604418995336,2446,3449,60,261,0.903583302548947,0.982901111427757,0,"1273875, 526871, 196093, 1529542, 1502406",training,mcc,1
0.892759864363569,0.892759864363569,0.892759864363569,9901,13628,284,1041,0.904861999634436,0.979585968947671,7,"1273875, 526871, 196093, 1529542, 1502406",validation,mcc,1
0.893415939952327,0.893415939952327,0.893415939952327,12347,17077,344,1302,0.904608396219503,0.9802537167786,7,"1273875, 526871, 196093, 1529542, 1502406",all,mcc,1
0.896507887215608,0.896507887215608,0.896507887215608,2529,3371,138,178,0.93424455116365,0.960672556283841,0,"366028, 770335, 1023194, 1342504, 704432",training,mcc,1
0.90476173958375,0.90476173958375,0.90476173958375,10221,13443,454,711,0.934961580680571,0.967331078650068,32,"366028, 770335, 1023194, 1342504, 704432",validation,mcc,1
0.903106752840259,0.903106752840259,0.903106752840259,12750,16814,592,889,0.9348192682748,0.96598873951511,32,"366028, 770335, 1023194, 1342504, 704432",all,mcc,1
0.93605641237266,0.93605641237266,0.93605641237266,2513,3505,26,171,0.93628912071535,0.992636646842254,0,"1232129, 196093, 39548, 196090, 196089",training,mcc,2
0.934917973679903,0.934917973679903,0.934917973679903,10273,13776,114,692,0.936890104879161,0.991792656587473,7,"1232129, 196093, 39548, 196090, 196089",validation,mcc,2
0.935148276474257,0.935148276474257,0.935148276474257,12786,17281,140,863,0.936771924683127,0.991963721944779,7,"1232129, 196093, 39548, 196090, 196089",all,mcc,2
0.907184541267854,0.907184541267854,0.907184541267854,2401,3523,8,283,0.894560357675112,0.99773435287454,0,"1273965, 196093, 71471, 196090, 196077",training,mcc,2
0.908489448417695,0.908489448417695,0.908489448417695,9865,13841,49,1103,0.899434719183078,0.996472282217423,4,"1273965, 196093, 71471, 196090, 196077",validation,mcc,2
0.908234671250377,0.908234671250377,0.908234671250377,12266,17364,57,1386,0.898476413712277,0.996728086791803,4,"1273965, 196093, 71471, 196090, 196077",all,mcc,2
0.907184541267854,0.907184541267854,0.907184541267854,2401,3523,8,283,0.894560357675112,0.99773435287454,0,"1273967, 196093, 71471, 196090, 196077",training,mcc,2
0.908489448417695,0.908489448417695,0.908489448417695,9865,13841,49,1103,0.899434719183078,0.996472282217423,4,"1273967, 196093, 71471, 196090, 196077",validation,mcc,2
0.908234671250377,0.908234671250377,0.908234671250377,12266,17364,57,1386,0.898476413712277,0.996728086791803,4,"1273967, 196093, 71471, 196090, 196077",all,mcc,2
0.912884496774282,0.912884496774282,0.912884496774282,2501,3448,83,183,0.931818181818182,0.97649391107335,0,"1274076, 196093, 1327636, 2129026, 196090",training,mcc,2
0.916593114666473,0.916593114666473,0.916593114666473,10342,13493,397,625,0.94301085073402,0.971418286537077,5,"1274076, 196093, 1327636, 2129026, 196090",validation,mcc,2
0.915849137308404,0.915849137308404,0.915849137308404,12843,16941,480,808,0.940810197055161,0.972447046667815,5,"1274076, 196093, 1327636, 2129026, 196090",all,mcc,2
0.93767261799727,0.93767261799727,0.93767261799727,2568,3457,74,116,0.956780923994039,0.979042764089493,0,"196090, 526871, 196093, 196089, 196077",training,mcc,2
0.935835675043473,0.935835675043473,0.935835675043473,10513,13556,334,452,0.958777929776562,0.975953923686105,7,"196090, 526871, 196093, 196089, 196077",validation,mcc,2
0.936204551976267,0.936204551976267,0.936204551976267,13081,17013,408,568,0.958385229687157,0.976579989667643,7,"196090, 526871, 196093, 196089, 196077",all,mcc,2
0.881856866025993,0.881856866025993,0.881856866025993,2461,3394,137,223,0.916915052160954,0.961200792976494,0,"1273998, 196093, 1816224, 2137739, 196089",training,mcc,2
0.880087102159948,0.880087102159948,0.880087102159948,10115,13269,621,847,0.922733077905492,0.955291576673866,10,"1273998, 196093, 1816224, 2137739, 196089",validation,mcc,2
0.880442516868145,0.880442516868145,0.880442516868145,12576,16663,758,1070,0.921588743954272,0.956489294529591,10,"1273998, 196093, 1816224, 2137739, 196089",all,mcc,2
0.910111377721265,0.910111377721265,0.910111377721265,2513,3428,103,171,0.93628912071535,0.9708297932597,0,"365764, 770335, 1342504, 1992515, 704432",training,mcc,2
0.905154133448146,0.905154133448146,0.905154133448146,10340,13359,530,632,0.942398833394094,0.961840305277558,1,"365764, 770335, 1342504, 1992515, 704432",validation,mcc,2
0.906135083380239,0.906135083380239,0.906135083380239,12853,16787,633,803,0.941198008201523,0.963662456946039,1,"365764, 770335, 1342504, 1992515, 704432",all,mcc,2
0.885389396024319,0.885389396024319,0.885389396024319,2380,3480,51,304,0.886736214605067,0.985556499575191,0,"620999, 526871, 1523317, 196093, 125941",training,mcc,2
0.88958846688377,0.88958846688377,0.88958846688377,9794,13682,208,1166,0.893613138686131,0.985025197984161,12,"620999, 526871, 1523317, 196093, 125941",validation,mcc,2
0.888758904896109,0.888758904896109,0.888758904896109,12174,17162,259,1470,0.892260334212841,0.985132885597842,12,"620999, 526871, 1523317, 196093, 125941",all,mcc,2
0.894844588255607,0.894844588255607,0.894844588255607,2446,3447,84,238,0.911326378539493,0.976210705182668,0,"1273875, 770335, 1992515, 1056638, 366088",training,mcc,2
0.888139092564988,0.888139092564988,0.888139092564988,10013,13474,416,959,0.912595698140722,0.970050395968322,0,"1273875, 770335, 1992515, 1056638, 366088",validation,mcc,2
0.889478302290633,0.889478302290633,0.889478302290633,12459,16921,500,1197,0.912346221441125,0.97129900694564,0,"1273875, 770335, 1992515, 1056638, 366088",all,mcc,2
0.896961175630276,0.896961175630276,0.896961175630276,2491,3410,121,193,0.928092399403875,0.965732087227414,0,"1264576, 526871, 1767565, 196093, 749925",training,mcc,2
0.895055927881695,0.895055927881695,0.895055927881695,10207,13359,529,756,0.9310407735109,0.961909562211981,11,"1264576, 526871, 1767565, 196093, 749925",validation,mcc,2
0.895440824278183,0.895440824278183,0.895440824278183,12698,16769,650,949,0.930460907159082,0.962684425053103,11,"1264576, 526871, 1767565, 196093, 749925",all,mcc,2
0.950330779238618,0.950330779238618,0.950330779238618,2694,3367,29,125,0.955658034764101,0.991460541813899,0,"1232129, 196093, 196090, 290731, 196077",training,mcc,3
0.949911894550334,0.949911894550334,0.949911894550334,10339,13900,125,490,0.954751131221719,0.99108734402852,8,"1232129, 196093, 196090, 290731, 196077",validation,mcc,3
0.950006057039657,0.950006057039657,0.950006057039657,13033,17267,154,615,0.954938452520516,0.991160094139257,8,"1232129, 196093, 196090, 290731, 196077",all,mcc,3
0.90557955213909,0.90557955213909,0.90557955213909,2596,3326,70,223,0.920893934019156,0.979387514723204,0,"1273965, 196093, 196090, 115374, 986873",training,mcc,3
0.8995215194177,0.8995215194177,0.8995215194177,9971,13657,368,863,0.920343363485324,0.973761140819964,3,"1273965, 196093, 196090, 115374, 986873",validation,mcc,3
0.900749844056476,0.900749844056476,0.900749844056476,12567,16983,438,1086,0.920457042408262,0.974857930084381,3,"1273965, 196093, 196090, 115374, 986873",all,mcc,3
0.90557955213909,0.90557955213909,0.90557955213909,2596,3326,70,223,0.920893934019156,0.979387514723204,0,"1273967, 196093, 196090, 115374, 986873",training,mcc,3
0.8995215194177,0.8995215194177,0.8995215194177,9971,13657,368,863,0.920343363485324,0.973761140819964,3,"1273967, 196093, 196090, 115374, 986873",validation,mcc,3
0.900749844056476,0.900749844056476,0.900749844056476,12567,16983,438,1086,0.920457042408262,0.974857930084381,3,"1273967, 196093, 196090, 115374, 986873",all,mcc,3
0.915080949959069,0.915080949959069,0.915080949959069,2646,3307,89,173,0.938630720113516,0.97379269729093,0,"1274076, 196093, 1327636, 2129029, 196090",training,mcc,3
0.9151175828929,0.9151175828929,0.9151175828929,10201,13619,406,631,0.941746676514033,0.971051693404635,5,"1274076, 196093, 1327636, 2129029, 196090",validation,mcc,3
0.915117509007159,0.915117509007159,0.915117509007159,12847,16926,495,804,0.94110321588162,0.971586016876184,5,"1274076, 196093, 1327636, 2129029, 196090",all,mcc,3
0.933154795144903,0.933154795144903,0.933154795144903,2691,3318,78,128,0.954593827598439,0.977031802120141,0,"196090, 526871, 196093, 196089, 2137030",training,mcc,3
0.936135498803513,0.936135498803513,0.936135498803513,10381,13691,334,446,0.958806686986238,0.976185383244207,10,"196090, 526871, 196093, 196089, 2137030",validation,mcc,3
0.93554259258551,0.93554259258551,0.93554259258551,13072,17009,412,574,0.957936391616591,0.976350381723208,10,"196090, 526871, 196093, 196089, 2137030",all,mcc,3
0.893151985600485,0.893151985600485,0.893151985600485,2636,3250,146,183,0.935083362894643,0.957008244994111,0,"1273998, 1529542, 690118, 2140224, 1345043",training,mcc,3
0.893546592253414,0.893546592253414,0.893546592253414,10176,13378,644,657,0.939351980060925,0.95407217230067,7,"1273998, 1529542, 690118, 2140224, 1345043",validation,mcc,3
0.89347370198271,0.89347370198271,0.89347370198271,12812,16628,790,840,0.938470553765016,0.954644620507521,7,"1273998, 1529542, 690118, 2140224, 1345043",all,mcc,3
0.907524868593888,0.907524868593888,0.907524868593888,2642,3288,108,177,0.937211777225967,0.968197879858657,0,"365764, 770335, 1342504, 1992515, 704432",training,mcc,3
0.905383534333239,0.905383534333239,0.905383534333239,10213,13492,532,624,0.94241948878841,0.962065031374786,1,"365764, 770335, 1342504, 1992515, 704432",validation,mcc,3
0.905808980603976,0.905808980603976,0.905808980603976,12855,16780,640,801,0.941344463971881,0.963260619977038,1,"365764, 770335, 1342504, 1992515, 704432",all,mcc,3
0.887846382414506,0.887846382414506,0.887846382414506,2518,3345,51,301,0.893224547711955,0.984982332155477,0,"620999, 526871, 1523317, 196093, 125941",training,mcc,3
0.889006401644331,0.889006401644331,0.889006401644331,9663,13817,208,1169,0.892079025110783,0.985169340463458,5,"620999, 526871, 1523317, 196093, 125941",validation,mcc,3
0.888792672028681,0.888792672028681,0.888792672028681,12181,17162,259,1470,0.892315581276097,0.985132885597842,5,"620999, 526871, 1523317, 196093, 125941",all,mcc,3
0.893635845551253,0.893635845551253,0.893635845551253,2587,3299,97,232,0.917701312522171,0.971436984687868,0,"1273875, 526871, 196093, 1345043, 215948",training,mcc,3
0.889030874107479,0.889030874107479,0.889030874107479,9961,13534,487,869,0.919759926131117,0.965266386135083,11,"1273875, 526871, 196093, 1345043, 215948",validation,mcc,3
0.889960748968598,0.889960748968598,0.889960748968598,12548,16833,584,1101,0.91933474979852,0.966469541252799,11,"1273875, 526871, 196093, 1345043, 215948",all,mcc,3
0.885117262158375,0.885117262158375,0.885117262158375,2576,3284,112,243,0.913799219581412,0.967020023557126,0,"1274082, 215948, 196093, 1345043, 1030211",training,mcc,3
0.878889164388287,0.878889164388287,0.878889164388287,9967,13401,620,858,0.920739030023095,0.955780614792097,16,"1274082, 215948, 196093, 1345043, 1030211",validation,mcc,3
0.880112130893944,0.880112130893944,0.880112130893944,12543,16685,732,1101,0.919305189094107,0.957972096227823,16,"1274082, 215948, 196093, 1345043, 1030211",all,mcc,3
0.93565753287093,0.93565753287093,0.93565753287093,2563,3456,81,115,0.957057505601195,0.977099236641221,0,"1232129, 463872, 196093, 196090, 196089",training,mcc,4
0.927932576423477,0.927932576423477,0.927932576423477,10488,13487,397,486,0.955713504647348,0.971405934889081,4,"1232129, 463872, 196093, 196090, 196089",validation,mcc,4
0.929474908733382,0.929474908733382,0.929474908733382,13051,16943,478,601,0.955977146205684,0.972561850640032,4,"1232129, 463872, 196093, 196090, 196089",all,mcc,4
0.908764173436278,0.908764173436278,0.908764173436278,2398,3531,6,280,0.895444361463779,0.998303647158609,0,"1273965, 196093, 71471, 196090, 196077",training,mcc,4
0.908110251149304,0.908110251149304,0.908110251149304,9871,13833,51,1106,0.899243873553794,0.996326707000864,1,"1273965, 196093, 71471, 196090, 196077",validation,mcc,4
0.908246540687384,0.908246540687384,0.908246540687384,12269,17364,57,1386,0.898498718418162,0.996728086791803,1,"1273965, 196093, 71471, 196090, 196077",all,mcc,4
0.908764173436278,0.908764173436278,0.908764173436278,2398,3531,6,280,0.895444361463779,0.998303647158609,0,"1273967, 196093, 71471, 196090, 196077",training,mcc,4
0.908110251149304,0.908110251149304,0.908110251149304,9871,13833,51,1106,0.899243873553794,0.996326707000864,1,"1273967, 196093, 71471, 196090, 196077",validation,mcc,4
0.908246540687384,0.908246540687384,0.908246540687384,12269,17364,57,1386,0.898498718418162,0.996728086791803,1,"1273967, 196093, 71471, 196090, 196077",all,mcc,4
0.910150905446377,0.910150905446377,0.910150905446377,2444,3494,43,234,0.912621359223301,0.987842804636698,0,"1274076, 196093, 366028, 1523317, 196090",training,mcc,4
0.905205711870309,0.905205711870309,0.905205711870309,9939,13729,155,1025,0.906512221816855,0.988836070296744,14,"1274076, 196093, 366028, 1523317, 196090",validation,mcc,4
0.906189714204926,0.906189714204926,0.906189714204926,12383,17223,198,1259,0.907711479255241,0.988634406750474,14,"1274076, 196093, 366028, 1523317, 196090",all,mcc,4
0.938024455584232,0.938024455584232,0.938024455584232,2509,3515,22,169,0.936893203883495,0.993780039581566,0,"196090, 526871, 196089, 196093, 191607",training,mcc,4
0.935697489245449,0.935697489245449,0.935697489245449,10265,13792,92,706,0.935648527937289,0.993373667530971,7,"196090, 526871, 196089, 196093, 191607",validation,mcc,4
0.93616448659006,0.93616448659006,0.93616448659006,12774,17307,114,875,0.935892739394827,0.993456173583606,7,"196090, 526871, 196089, 196093, 191607",all,mcc,4
0.899894815658322,0.899894815658322,0.899894815658322,2520,3390,147,158,0.94100074682599,0.95843935538592,0,"1273998, 1529542, 690118, 2140224, 1345043",training,mcc,4
0.892012689494273,0.892012689494273,0.892012689494273,10254,13284,599,724,0.934049918017854,0.956853705971332,1,"1273998, 1529542, 690118, 2140224, 1345043",validation,mcc,4
0.893585401577452,0.893585401577452,0.893585401577452,12774,16674,746,882,0.935413005272408,0.957175660160735,1,"1273998, 1529542, 690118, 2140224, 1345043",all,mcc,4
0.908823318875849,0.908823318875849,0.908823318875849,2542,3395,142,136,0.949215832710978,0.959852982753746,0,"365764, 770335, 463854, 1999517, 704432",training,mcc,4
0.897728475986916,0.897728475986916,0.897728475986916,10317,13285,596,657,0.940131219245489,0.957063612131691,7,"365764, 770335, 463854, 1999517, 704432",validation,mcc,4
0.899941074445792,0.899941074445792,0.899941074445792,12859,16680,738,793,0.941913272780545,0.957630037891836,7,"365764, 770335, 463854, 1999517, 704432",all,mcc,4
0.867294150123638,0.867294150123638,0.867294150123638,2456,3355,182,222,0.917102315160568,0.948543963811139,0,"620999, 463872, 196093, 825600, 1763120",training,mcc,4
0.856504145961199,0.856504145961199,0.856504145961199,10021,13075,807,950,0.913408075836296,0.941867166114393,9,"620999, 463872, 196093, 825600, 1763120",validation,mcc,4
0.858663127451214,0.858663127451214,0.858663127451214,12477,16430,989,1172,0.914132903509415,0.943222917503875,9,"620999, 463872, 196093, 825600, 1763120",all,mcc,4
0.900035737179861,0.900035737179861,0.900035737179861,2470,3440,97,208,0.922330097087379,0.972575629064179,0,"1273875, 463872, 196093, 1529542, 1504424",training,mcc,4
0.894767712849579,0.894767712849579,0.894767712849579,10010,13552,332,965,0.912072892938497,0.976087582829156,3,"1273875, 463872, 196093, 1529542, 1504424",validation,mcc,4
0.895803378087568,0.895803378087568,0.895803378087568,12480,16992,429,1173,0.914084816523841,0.975374547959359,3,"1273875, 463872, 196093, 1529542, 1504424",all,mcc,4
0.88309876412486,0.88309876412486,0.88309876412486,2458,3401,136,220,0.917849141150112,0.961549335595137,0,"1274082, 215948, 196093, 1502406, 1937605",training,mcc,4
0.884404894227517,0.884404894227517,0.884404894227517,9983,13455,429,992,0.909612756264237,0.969101123595506,3,"1274082, 215948, 196093, 1502406, 1937605",validation,mcc,4
0.884121251579662,0.884121251579662,0.884121251579662,12441,16856,565,1212,0.911228301472204,0.967567877848574,3,"1274082, 215948, 196093, 1502406, 1937605",all,mcc,4
0.963965450919027,0.963965450919027,0.963965450919027,2682,3423,25,86,0.96893063583815,0.992749419953596,0,"1232129, 196093, 196090, 196089, 196077",training,mcc,5
0.951528231768114,0.951528231768114,0.951528231768114,10403,13856,117,479,0.955982356184525,0.991626708652401,6,"1232129, 196093, 196090, 196089, 196077",validation,mcc,5
0.95402234070785,0.95402234070785,0.95402234070785,13085,17279,142,565,0.958608058608059,0.991848917972562,6,"1232129, 196093, 196090, 196089, 196077",all,mcc,5
0.922543074996314,0.922543074996314,0.922543074996314,2614,3364,84,154,0.944364161849711,0.975638051044083,0,"1273965, 196093, 1327636, 1555535, 196090",training,mcc,5
0.913967558407265,0.913967558407265,0.913967558407265,10152,13644,329,725,0.933345591615335,0.976454590996923,11,"1273965, 196093, 1327636, 1555535, 196090",validation,mcc,5
0.915689122883972,0.915689122883972,0.915689122883972,12766,17008,413,879,0.935580798827409,0.976292979737099,11,"1273965, 196093, 1327636, 1555535, 196090",all,mcc,5
0.922543074996314,0.922543074996314,0.922543074996314,2614,3364,84,154,0.944364161849711,0.975638051044083,0,"1273967, 196093, 1327636, 1555535, 196090",training,mcc,5
0.913967558407265,0.913967558407265,0.913967558407265,10152,13644,329,725,0.933345591615335,0.976454590996923,11,"1273967, 196093, 1327636, 1555535, 196090",validation,mcc,5
0.915689122883972,0.915689122883972,0.915689122883972,12766,17008,413,879,0.935580798827409,0.976292979737099,11,"1273967, 196093, 1327636, 1555535, 196090",all,mcc,5
0.918835474390865,0.918835474390865,0.918835474390865,2558,3406,42,210,0.924132947976879,0.987819025522042,0,"1274076, 196093, 366097, 1523317, 196090",training,mcc,5
0.902875193449426,0.902875193449426,0.902875193449426,9836,13812,160,1047,0.903794909491868,0.988548525622674,6,"1274076, 196093, 366097, 1523317, 196090",validation,mcc,5
0.906071111443987,0.906071111443987,0.906071111443987,12394,17218,202,1257,0.907918833785071,0.988404133180252,6,"1274076, 196093, 366097, 1523317, 196090",all,mcc,5
0.939746764412108,0.939746764412108,0.939746764412108,2593,3435,13,175,0.936777456647399,0.99622969837587,0,"196090, 196093, 115374, 39818, 1555535",training,mcc,5
0.923757757373501,0.923757757373501,0.923757757373501,9976,13927,46,907,0.916659009464302,0.996707936735132,5,"196090, 196093, 115374, 39818, 1555535",validation,mcc,5
0.926957442708585,0.926957442708585,0.926957442708585,12569,17362,59,1082,0.920738407442678,0.996613282819586,5,"196090, 196093, 115374, 39818, 1555535",all,mcc,5
0.898835743012569,0.898835743012569,0.898835743012569,2563,3342,106,205,0.925939306358381,0.969257540603248,0,"1273998, 196093, 1816216, 1529542, 620999",training,mcc,5
0.877318388217553,0.877318388217553,0.877318388217553,9862,13488,485,1018,0.906433823529412,0.965290202533457,8,"1273998, 196093, 1816216, 1529542, 620999",validation,mcc,5
0.881642011430233,0.881642011430233,0.881642011430233,12425,16830,591,1223,0.9103898007034,0.966075426209747,8,"1273998, 196093, 1816216, 1529542, 620999",all,mcc,5
0.913366211137859,0.913366211137859,0.913366211137859,2633,3317,131,135,0.951228323699422,0.962006960556845,0,"365764, 770335, 463854, 1999517, 704432",training,mcc,5
0.896224992789298,0.896224992789298,0.896224992789298,10214,13371,599,670,0.938441749356854,0.957122405153901,7,"365764, 770335, 463854, 1999517, 704432",validation,mcc,5
0.899668737475802,0.899668737475802,0.899668737475802,12847,16688,730,805,0.941034280691474,0.958089332874038,7,"365764, 770335, 463854, 1999517, 704432",all,mcc,5
0.894614903069859,0.894614903069859,0.894614903069859,2554,3338,110,214,0.922687861271676,0.968097447795824,0,"620999, 196093, 332601, 1932755, 1763120",training,mcc,5
0.872269800059954,0.872269800059954,0.872269800059954,9799,13482,491,1074,0.901223213464545,0.96486080297717,15,"620999, 196093, 332601, 1932755, 1763120",validation,mcc,5
0.876759713126829,0.876759713126829,0.876759713126829,12353,16820,601,1288,0.905578769884906,0.96550140634866,15,"620999, 196093, 332601, 1932755, 1763120",all,mcc,5
0.900818698962443,0.900818698962443,0.900818698962443,2544,3366,82,224,0.919075144508671,0.976218097447796,0,"1273875, 770335, 1529542, 1504424, 1938258",training,mcc,5
0.889097044983979,0.889097044983979,0.889097044983979,9866,13621,347,1017,0.906551502343104,0.975157502863688,10,"1273875, 770335, 1529542, 1504424, 1938258",validation,mcc,5
0.891453586642023,0.891453586642023,0.891453586642023,12410,16987,429,1241,0.909090909090909,0.975367478180983,10,"1273875, 770335, 1529542, 1504424, 1938258",all,mcc,5
0.883328979429421,0.883328979429421,0.883328979429421,2563,3295,153,205,0.925939306358381,0.955626450116009,0,"1274082, 1365488, 237919, 366088, 508067",training,mcc,5
0.864235205817639,0.864235205817639,0.864235205817639,9849,13333,633,1026,0.905655172413793,0.954675640842045,20,"1274082, 1365488, 237919, 366088, 508067",validation,mcc,5
0.868068765384307,0.868068765384307,0.868068765384307,12412,16628,786,1231,0.909770578318552,0.954863902607098,20,"1274082, 1365488, 237919, 366088, 508067",all,mcc,5
0.325841216691155,0.325841216691155,0.325841216691155,2707,752,2757,0,1,0.214306070105443,0,"1112189, 1758432, 704143, 1937625, 2023350",training,percent,1
0.322973283444443,0.322973283444443,0.322973283444443,10928,2972,10940,21,0.998082016622523,0.21362852213916,0,"1112189, 1758432, 704143, 1937625, 2023350",validation,percent,1
0.323547272834006,0.323547272834006,0.323547272834006,13635,3724,13697,21,0.998462214411248,0.213764996268871,0,"1112189, 1758432, 704143, 1937625, 2023350",all,percent,1
0.324607674222311,0.324607674222311,0.324607674222311,2707,747,2762,0,1,0.212881162724423,0,"1420352, 154198, 704143, 1937625, 2023350",training,percent,1
0.321555548874751,0.321555548874751,0.321555548874751,10938,2919,10990,11,0.998995342040369,0.209864116758933,3,"1420352, 154198, 704143, 1937625, 2023350",validation,percent,1
0.322174716319803,0.322174716319803,0.322174716319803,13645,3666,13752,11,0.999194493263035,0.210471925594213,3,"1420352, 154198, 704143, 1937625, 2023350",all,percent,1
0.321885246723183,0.321885246723183,0.321885246723183,2707,736,2773,0,1,0.209746366486178,0,"1739663, 154198, 1439631, 1937625, 2023350",training,percent,1
0.317761786318115,0.317761786318115,0.317761786318115,10938,2860,11052,11,0.998995342040369,0.205577918343876,0,"1739663, 154198, 1439631, 1937625, 2023350",validation,percent,1
0.318599012708731,0.318599012708731,0.318599012708731,13645,3596,13825,11,0.999194493263035,0.206417542046955,0,"1739663, 154198, 1439631, 1937625, 2023350",all,percent,1
0.31815315019134,0.31815315019134,0.31815315019134,2707,721,2788,0,1,0.205471644343118,0,"154198, 704143, 1439631, 351143, 1937625",training,percent,1
0.308009240757861,0.308009240757861,0.308009240757861,10931,2728,11181,18,0.998356014247877,0.196132000862751,3,"154198, 704143, 1439631, 351143, 1937625",validation,percent,1
0.310076373796673,0.310076373796673,0.310076373796673,13638,3449,13969,18,0.998681898066784,0.198013549201975,3,"154198, 704143, 1439631, 351143, 1937625",all,percent,1
0.31815315019134,0.31815315019134,0.31815315019134,2707,721,2788,0,1,0.205471644343118,0,"1530702, 704143, 1439631, 351143, 1937625",training,percent,1
0.307954577890667,0.307954577890667,0.307954577890667,10931,2728,11184,18,0.998356014247877,0.196089706728005,0,"1530702, 704143, 1439631, 351143, 1937625",validation,percent,1
0.310032471430227,0.310032471430227,0.310032471430227,13638,3449,13972,18,0.998681898066784,0.197979450088973,0,"1530702, 704143, 1439631, 351143, 1937625",all,percent,1
0.316403483751413,0.316403483751413,0.316403483751413,2707,714,2795,0,1,0.203476774009689,0,"230846, 704143, 1439631, 351143, 1937625",training,percent,1
0.307890367983196,0.307890367983196,0.307890367983196,10930,2730,11182,19,0.998264681706092,0.196233467510063,0,"230846, 704143, 1439631, 351143, 1937625",validation,percent,1
0.30962081145767,0.30962081145767,0.30962081145767,13637,3444,13977,19,0.998608670181605,0.197692440158429,0,"230846, 704143, 1439631, 351143, 1937625",all,percent,1
0.317403928822746,0.317403928822746,0.317403928822746,2707,718,2791,0,1,0.204616699914506,0,"704143, 1709509, 1439631, 351143, 1937625",training,percent,1
0.308472172774002,0.308472172774002,0.308472172774002,10931,2736,11176,18,0.998356014247877,0.196664749856239,0,"704143, 1709509, 1439631, 351143, 1937625",validation,percent,1
0.310289389545098,0.310289389545098,0.310289389545098,13638,3454,13967,18,0.998681898066784,0.198266460019517,0,"704143, 1709509, 1439631, 351143, 1937625",all,percent,1
0.309351293279182,0.309351293279182,0.309351293279182,2707,686,2823,0,1,0.195497292675976,0,"1709509, 1758432, 351143, 756365, 1937625",training,percent,1
0.299451006529783,0.299451006529783,0.299451006529783,10912,2653,11254,37,0.996620695953968,0.190767239519666,5,"1709509, 1758432, 351143, 756365, 1937625",validation,percent,1
0.30144834001009,0.30144834001009,0.30144834001009,13619,3339,14077,37,0.997290568248389,0.191720257234727,5,"1709509, 1758432, 351143, 756365, 1937625",all,percent,1
0.308590434907609,0.308590434907609,0.308590434907609,2707,683,2826,0,1,0.194642348247364,0,"1336583, 1439631, 351143, 756365, 1937625",training,percent,1
0.300127068362307,0.300127068362307,0.300127068362307,10917,2649,11260,32,0.997077358662892,0.190452225177942,3,"1336583, 1439631, 351143, 756365, 1937625",validation,percent,1
0.301834298065039,0.301834298065039,0.301834298065039,13624,3332,14086,32,0.997656707674282,0.191296360087266,3,"1336583, 1439631, 351143, 756365, 1937625",all,percent,1
0.309604680328025,0.309604680328025,0.309604680328025,2707,687,2822,0,1,0.19578227415218,0,"149220, 1758432, 351143, 756365, 1937625",training,percent,1
0.297798247668009,0.297798247668009,0.297798247668009,10912,2628,11279,37,0.996620695953968,0.188969583662904,5,"149220, 1758432, 351143, 756365, 1937625",validation,percent,1
0.300189890667186,0.300189890667186,0.300189890667186,13619,3315,14101,37,0.997290568248389,0.19034221405604,5,"149220, 1758432, 351143, 756365, 1937625",all,percent,1
0.355029293499531,0.355029293499531,0.355029293499531,2684,884,2647,0,1,0.250354007363353,0,"265431, 2030815, 731443, 507923, 2023350",training,percent,2
0.354685678749783,0.354685678749783,0.354685678749783,10945,3490,10391,27,0.997539190667153,0.251422808155032,9,"265431, 2030815, 731443, 507923, 2023350",validation,percent,2
0.35474945746306,0.35474945746306,0.35474945746306,13629,4374,13038,27,0.998022847100176,0.251206064782908,9,"265431, 2030815, 731443, 507923, 2023350",all,percent,2
0.342761370149142,0.342761370149142,0.342761370149142,2684,832,2699,0,1,0.235627301047862,0,"167082, 2030815, 731443, 507923, 2023350",training,percent,2
0.343579589930376,0.343579589930376,0.343579589930376,10952,3288,10594,20,0.998177178271965,0.236853479325746,8,"167082, 2030815, 731443, 507923, 2023350",validation,percent,2
0.343411865880463,0.343411865880463,0.343411865880463,13636,4120,13293,20,0.998535442296426,0.236604835467754,8,"167082, 2030815, 731443, 507923, 2023350",all,percent,2
0.339901905024069,0.339901905024069,0.339901905024069,2684,820,2711,0,1,0.232228830359672,0,"1420352, 2030815, 731443, 507923, 2023350",training,percent,2
0.340505003884562,0.340505003884562,0.340505003884562,10952,3237,10642,20,0.998177178271965,0.233230059802579,11,"1420352, 2030815, 731443, 507923, 2023350",validation,percent,2
0.340381149905634,0.340381149905634,0.340381149905634,13636,4057,13353,20,0.998535442296426,0.233026995979322,11,"1420352, 2030815, 731443, 507923, 2023350",all,percent,2
0.333666760230156,0.333666760230156,0.333666760230156,2684,794,2737,0,1,0.224865477201926,0,"115462, 2030815, 731443, 507923, 2023350",training,percent,2
0.333139258108525,0.333139258108525,0.333139258108525,10951,3122,10760,21,0.998086037185563,0.224895548191903,8,"115462, 2030815, 731443, 507923, 2023350",validation,percent,2
0.333245379405308,0.333245379405308,0.333245379405308,13635,3916,13497,21,0.998462214411248,0.224889450410613,8,"115462, 2030815, 731443, 507923, 2023350",all,percent,2
0.329074172872323,0.329074172872323,0.329074172872323,2684,775,2756,0,1,0.219484565278958,0,"1696737, 2030815, 731443, 507923, 2023350",training,percent,2
0.329916355444639,0.329916355444639,0.329916355444639,10950,3073,10808,22,0.997994896099162,0.221381744831064,9,"1696737, 2030815, 731443, 507923, 2023350",validation,percent,2
0.329739538734092,0.329739538734092,0.329739538734092,13634,3848,13564,22,0.998388986526069,0.220997013553871,9,"1696737, 2030815, 731443, 507923, 2023350",all,percent,2
0.32640062767593,0.32640062767593,0.32640062767593,2684,764,2767,0,1,0.21636930048145,0,"2030815, 731443, 1439631, 507923, 2023350",training,percent,2
0.326114447749978,0.326114447749978,0.326114447749978,10951,3008,10868,21,0.998086037185563,0.21677716921303,14,"2030815, 731443, 1439631, 507923, 2023350",validation,percent,2
0.326170363329474,0.326170363329474,0.326170363329474,13635,3772,13635,21,0.998462214411248,0.21669443327397,14,"2030815, 731443, 1439631, 507923, 2023350",all,percent,2
0.321019656377291,0.321019656377291,0.321019656377291,2684,742,2789,0,1,0.210138770886434,0,"731443, 1439631, 507923, 679289, 2023350",training,percent,2
0.318941973534431,0.318941973534431,0.318941973534431,10954,2886,10990,18,0.998359460444768,0.207985010089363,14,"731443, 1439631, 507923, 679289, 2023350",validation,percent,2
0.319369532378526,0.319369532378526,0.319369532378526,13638,3628,13779,18,0.998681898066784,0.20842189923594,14,"731443, 1439631, 507923, 679289, 2023350",all,percent,2
0.316581810323445,0.316581810323445,0.316581810323445,2684,724,2807,0,1,0.205041064854149,0,"1439631, 507923, 679289, 2022879, 2023350",training,percent,2
0.318244261615673,0.318244261615673,0.318244261615673,10947,2896,10981,25,0.997721472839956,0.208690639187144,13,"1439631, 507923, 679289, 2022879, 2023350",validation,percent,2
0.317893070023071,0.317893070023071,0.317893070023071,13631,3620,13788,25,0.998169302870533,0.207950367647059,13,"1439631, 507923, 679289, 2022879, 2023350",all,percent,2
0.315343207075769,0.315343207075769,0.315343207075769,2684,719,2812,0,1,0.203625035400736,0,"883795, 507923, 679289, 2022879, 2023350",training,percent,2
0.315737668275018,0.315737668275018,0.315737668275018,10938,2885,10998,34,0.996901203062341,0.207808110638911,7,"883795, 507923, 679289, 2022879, 2023350",validation,percent,2
0.315631905416867,0.315631905416867,0.315631905416867,13622,3604,13810,34,0.997510251903925,0.206959917307913,7,"883795, 507923, 679289, 2022879, 2023350",all,percent,2
0.315095173301857,0.315095173301857,0.315095173301857,2684,718,2813,0,1,0.203341829510054,0,"88240, 507923, 679289, 2022879, 2023350",training,percent,2
0.317683245903406,0.317683245903406,0.317683245903406,10947,2889,10994,25,0.997721472839956,0.208096232802708,7,"88240, 507923, 679289, 2022879, 2023350",validation,percent,2
0.317142168179836,0.317142168179836,0.317142168179836,13631,3607,13807,25,0.998169302870533,0.207132192488802,7,"88240, 507923, 679289, 2022879, 2023350",all,percent,2
0.357941194805626,0.357941194805626,0.357941194805626,2819,831,2565,0,1,0.24469964664311,0,"1112189, 2165924, 180402, 196638, 877876",training,percent,3
0.350204970520504,0.350204970520504,0.350204970520504,10814,3473,10552,23,0.997877641413675,0.247629233511586,0,"1112189, 2165924, 180402, 196638, 877876",validation,percent,3
0.351780151391679,0.351780151391679,0.351780151391679,13633,4304,13117,23,0.998315758640891,0.247058148211928,0,"1112189, 2165924, 180402, 196638, 877876",all,percent,3
0.359431410526134,0.359431410526134,0.359431410526134,2819,837,2559,0,1,0.246466431095406,0,"1055491, 2165924, 180402, 1420352, 877876",training,percent,3
0.351382700353432,0.351382700353432,0.351382700353432,10817,3484,10541,20,0.9981544707945,0.248413547237077,0,"1055491, 2165924, 180402, 1420352, 877876",validation,percent,3
0.353016013550102,0.353016013550102,0.353016013550102,13636,4321,13100,20,0.998535442296426,0.248033981975776,0,"1055491, 2165924, 180402, 1420352, 877876",all,percent,3
0.361166403325887,0.361166403325887,0.361166403325887,2819,844,2552,0,1,0.248527679623086,0,"1739663, 1750260, 2165924, 180402, 1420352",training,percent,3
0.346844272687771,0.346844272687771,0.346844272687771,10812,3420,10597,25,0.997693088493125,0.243989441392595,8,"1739663, 1750260, 2165924, 180402, 1420352",validation,percent,3
0.349703380488728,0.349703380488728,0.349703380488728,13631,4264,13149,25,0.998169302870533,0.244874519037501,8,"1739663, 1750260, 2165924, 180402, 1420352",all,percent,3
0.3685599365538,0.3685599365538,0.3685599365538,2819,874,2522,0,1,0.25736160188457,0,"1750260, 180402, 1420352, 2165924, 877876",training,percent,3
0.358599899415039,0.358599899415039,0.358599899415039,10814,3613,10409,23,0.997877641413675,0.257666524033661,3,"1750260, 180402, 1420352, 2165924, 877876",validation,percent,3
0.360607639467014,0.360607639467014,0.360607639467014,13633,4487,12931,23,0.998315758640891,0.257607073142726,3,"1750260, 180402, 1420352, 2165924, 877876",all,percent,3
0.366594837000901,0.366594837000901,0.366594837000901,2819,866,2530,0,1,0.255005889281508,0,"180402, 507923, 1420352, 2165924, 877876",training,percent,3
0.355160031408534,0.355160031408534,0.355160031408534,10817,3546,10475,20,0.9981544707945,0.252906354753584,4,"180402, 507923, 1420352, 2165924, 877876",validation,percent,3
0.357451614258858,0.357451614258858,0.357451614258858,13636,4412,13005,20,0.998535442296426,0.253315726014813,4,"180402, 507923, 1420352, 2165924, 877876",all,percent,3
0.349692022612267,0.349692022612267,0.349692022612267,2819,798,2598,0,1,0.234982332155477,0,"507923, 167082, 2165924, 877876, 320162",training,percent,3
0.343552268934973,0.343552268934973,0.343552268934973,10825,3330,10695,12,0.9988926824767,0.237433155080214,0,"507923, 167082, 2165924, 877876, 320162",validation,percent,3
0.344807394088415,0.344807394088415,0.344807394088415,13644,4128,13293,12,0.999121265377856,0.236955398656794,0,"507923, 167082, 2165924, 877876, 320162",all,percent,3
0.347930177368273,0.347930177368273,0.347930177368273,2819,791,2605,0,1,0.232921083627797,0,"167082, 1750259, 2165924, 877876, 320162",training,percent,3
0.34319725629009,0.34319725629009,0.34319725629009,10823,3330,10695,14,0.99870812955615,0.237433155080214,0,"167082, 1750259, 2165924, 877876, 320162",validation,percent,3
0.344182585761093,0.344182585761093,0.344182585761093,13642,4121,13300,14,0.998974809607498,0.236553584754033,0,"167082, 1750259, 2165924, 877876, 320162",all,percent,3
0.346416532875778,0.346416532875778,0.346416532875778,2819,785,2611,0,1,0.231154299175501,0,"1420352, 1750259, 2165924, 877876, 320162",training,percent,3
0.33963138024894,0.33963138024894,0.33963138024894,10823,3270,10752,14,0.99870812955615,0.233204963628584,3,"1420352, 1750259, 2165924, 877876, 320162",validation,percent,3
0.341012919801159,0.341012919801159,0.341012919801159,13642,4055,13363,14,0.998974809607498,0.232805144103801,3,"1420352, 1750259, 2165924, 877876, 320162",all,percent,3
0.339818801831497,0.339818801831497,0.339818801831497,2819,759,2637,0,1,0.223498233215548,0,"1750259, 2165924, 1873408, 877876, 320162",training,percent,3
0.334237573218314,0.334237573218314,0.334237573218314,10815,3205,10817,22,0.99796991787395,0.228569390957067,3,"1750259, 2165924, 1873408, 877876, 320162",validation,percent,3
0.335392921805804,0.335392921805804,0.335392921805804,13634,3964,13454,22,0.998388986526069,0.227580663681249,3,"1750259, 2165924, 1873408, 877876, 320162",all,percent,3
0.339818801831497,0.339818801831497,0.339818801831497,2819,759,2637,0,1,0.223498233215548,0,"1750262, 2165924, 1873408, 877876, 320162",training,percent,3
0.334257431881693,0.334257431881693,0.334257431881693,10815,3205,10816,22,0.99796991787395,0.228585692889238,4,"1750262, 2165924, 1873408, 877876, 320162",validation,percent,3
0.335408878425657,0.335408878425657,0.335408878425657,13634,3964,13453,22,0.998388986526069,0.227593730263536,4,"1750262, 2165924, 1873408, 877876, 320162",all,percent,3
0.39546931848415,0.39546931848415,0.39546931848415,2678,1064,2473,0,1,0.300819903873339,0,"1476169, 167082, 200647, 2165924, 877876",training,percent,4
0.395750600559483,0.395750600559483,0.395750600559483,10955,4173,9709,23,0.997904900710512,0.300605100129664,2,"1476169, 167082, 200647, 2165924, 877876",validation,percent,4
0.395698143995288,0.395698143995288,0.395698143995288,13633,5237,12182,23,0.998315758640891,0.300648716918308,2,"1476169, 167082, 200647, 2165924, 877876",all,percent,4
0.393674198167222,0.393674198167222,0.393674198167222,2678,1056,2481,0,1,0.298558100084818,0,"1901414, 167082, 200647, 2165924, 877876",training,percent,4
0.38960839893106,0.38960839893106,0.38960839893106,10947,4090,9794,31,0.997176170522864,0.294583693460098,0,"1901414, 167082, 200647, 2165924, 877876",validation,percent,4
0.39044117023998,0.39044117023998,0.39044117023998,13625,5146,12275,31,0.997729935559461,0.29539062051547,0,"1901414, 167082, 200647, 2165924, 877876",all,percent,4
0.37351158814678,0.37351158814678,0.37351158814678,2678,967,2570,0,1,0.273395532937518,0,"1055491, 200647, 167082, 2165924, 877876",training,percent,4
0.375041090481008,0.375041090481008,0.375041090481008,10957,3814,10070,21,0.998087083257424,0.274704696053011,0,"1055491, 200647, 167082, 2165924, 877876",validation,percent,4
0.374732323883023,0.374732323883023,0.374732323883023,13635,4781,12640,21,0.998462214411248,0.274438895585787,0,"1055491, 200647, 167082, 2165924, 877876",all,percent,4
0.375339629345631,0.375339629345631,0.375339629345631,2678,975,2562,0,1,0.275657336726039,0,"167082, 200647, 507620, 2165924, 877876",training,percent,4
0.372531685992568,0.372531685992568,0.372531685992568,10953,3782,10100,25,0.9977227181636,0.272439129808385,2,"167082, 200647, 507620, 2165924, 877876",validation,percent,4
0.373110362543918,0.373110362543918,0.373110362543918,13631,4757,12662,25,0.998169302870533,0.273092600034445,2,"167082, 200647, 507620, 2165924, 877876",all,percent,4
0.372138340001731,0.372138340001731,0.372138340001731,2678,961,2576,0,1,0.271699180096127,0,"200647, 1420352, 507620, 2165924, 877876",training,percent,4
0.369594041538776,0.369594041538776,0.369594041538776,10953,3731,10147,25,0.9977227181636,0.268842772733823,6,"200647, 1420352, 507620, 2165924, 877876",validation,percent,4
0.370118469483832,0.370118469483832,0.370118469483832,13631,4692,12723,25,0.998169302870533,0.269422911283376,6,"200647, 1420352, 507620, 2165924, 877876",all,percent,4
0.360384213384946,0.360384213384946,0.360384213384946,2678,910,2627,0,1,0.257280180944303,0,"1420352, 507620, 66722, 2165924, 877876",training,percent,4
0.3504829205647,0.3504829205647,0.3504829205647,10945,3435,10448,32,0.997084813701376,0.24742490816106,2,"1420352, 507620, 66722, 2165924, 877876",validation,percent,4
0.352520394437109,0.352520394437109,0.352520394437109,13623,4345,13075,32,0.997656536067375,0.249425947187141,2,"1420352, 507620, 66722, 2165924, 877876",all,percent,4
0.355732016085827,0.355732016085827,0.355732016085827,2678,890,2647,0,1,0.251625671473,0,"507620, 1738598, 66722, 1696737, 2165924",training,percent,4
0.347245734223146,0.347245734223146,0.347245734223146,10939,3399,10484,38,0.996538216270384,0.244831808686883,2,"507620, 1738598, 66722, 1696737, 2165924",validation,percent,4
0.348981211438159,0.348981211438159,0.348981211438159,13617,4289,13131,38,0.997217136580007,0.246211251435132,2,"507620, 1738598, 66722, 1696737, 2165924",all,percent,4
0.355732016085827,0.355732016085827,0.355732016085827,2678,890,2647,0,1,0.251625671473,0,"507923, 1738598, 66722, 1696737, 2165924",training,percent,4
0.347756653839803,0.347756653839803,0.347756653839803,10943,3396,10487,34,0.996902614557712,0.244615717064035,2,"507923, 1738598, 66722, 1696737, 2165924",validation,percent,4
0.349391322608444,0.349391322608444,0.349391322608444,13621,4286,13134,34,0.997510069571586,0.246039035591274,2,"507923, 1738598, 66722, 1696737, 2165924",all,percent,4
0.348939511493734,0.348939511493734,0.348939511493734,2678,861,2676,0,1,0.24342663273961,0,"1738598, 66722, 1696737, 2165924, 1913062",training,percent,4
0.341798792005181,0.341798792005181,0.341798792005181,10943,3301,10580,35,0.99681180542904,0.23780707441827,3,"1738598, 66722, 1696737, 2165924, 1913062",validation,percent,4
0.343258554804454,0.343258554804454,0.343258554804454,13621,4162,13256,35,0.997437024018746,0.238948214490757,3,"1738598, 66722, 1696737, 2165924, 1913062",all,percent,4
0.347291207425322,0.347291207425322,0.347291207425322,2678,854,2683,0,1,0.241447554424654,0,"313267, 66722, 1696737, 2165924, 877876",training,percent,4
0.341687080292909,0.341687080292909,0.341687080292909,10944,3297,10586,34,0.996902896702496,0.237484693510048,1,"313267, 66722, 1696737, 2165924, 877876",validation,percent,4
0.342829068750757,0.342829068750757,0.342829068750757,13622,4151,13269,34,0.997510251903925,0.238289322617681,1,"313267, 66722, 1696737, 2165924, 877876",all,percent,4
0.425522769691632,0.425522769691632,0.425522769691632,2768,1144,2304,0,1,0.331786542923434,0,"2137506, 1476169, 1239180, 2030815, 2165924",training,percent,5
0.412414826782614,0.412414826782614,0.412414826782614,10848,4561,9408,40,0.996326230712711,0.326508697830911,4,"2137506, 1476169, 1239180, 2030815, 2165924",validation,percent,5
0.415034459723085,0.415034459723085,0.415034459723085,13616,5705,11712,40,0.997070884592853,0.327553539645174,4,"2137506, 1476169, 1239180, 2030815, 2165924",all,percent,5
0.375580137074804,0.375580137074804,0.375580137074804,2768,929,2519,0,1,0.269431554524362,0,"1476169, 1239180, 2030815, 2165924, 333153",training,percent,5
0.36368784231687,0.36368784231687,0.36368784231687,10856,3699,10273,32,0.997060984570169,0.264743773260807,1,"1476169, 1239180, 2030815, 2165924, 333153",validation,percent,5
0.366063948689135,0.366063948689135,0.366063948689135,13624,4628,12792,32,0.997656707674282,0.265671641791045,1,"1476169, 1239180, 2030815, 2165924, 333153",all,percent,5
0.369619262689955,0.369619262689955,0.369619262689955,2768,904,2544,0,1,0.262180974477958,0,"1901414, 2030815, 2165924, 1239180, 333153",training,percent,5
0.353900219693269,0.353900219693269,0.353900219693269,10848,3558,10415,40,0.996326230712711,0.254633936878265,0,"1901414, 2030815, 2165924, 1239180, 333153",validation,percent,5
0.357042669513901,0.357042669513901,0.357042669513901,13616,4462,12959,40,0.997070884592853,0.256127662017106,0,"1901414, 2030815, 2165924, 1239180, 333153",all,percent,5
0.353192453148063,0.353192453148063,0.353192453148063,2768,836,2612,0,1,0.24245939675174,0,"1112189, 2030815, 2165924, 616767, 333153",training,percent,5
0.344850374698559,0.344850374698559,0.344850374698559,10866,3356,10616,22,0.997979426891991,0.240194675064415,1,"1112189, 2030815, 2165924, 616767, 333153",validation,percent,5
0.34651760304234,0.34651760304234,0.34651760304234,13634,4192,13228,22,0.998388986526069,0.240642939150402,1,"1112189, 2030815, 2165924, 616767, 333153",all,percent,5
0.350747880524301,0.350747880524301,0.350747880524301,2768,826,2622,0,1,0.239559164733179,0,"1055491, 2030815, 2165924, 616767, 2023350",training,percent,5
0.337832657904984,0.337832657904984,0.337832657904984,10869,3232,10740,19,0.998254959588538,0.231319782421987,1,"1055491, 2030815, 2165924, 616767, 2023350",validation,percent,5
0.340411219432751,0.340411219432751,0.340411219432751,13637,4058,13362,19,0.998608670181605,0.232950631458094,1,"1055491, 2030815, 2165924, 616767, 2023350",all,percent,5
0.351237428720053,0.351237428720053,0.351237428720053,2768,828,2620,0,1,0.240139211136891,0,"1750260, 2030815, 2165924, 1239180, 333153",training,percent,5
0.340213573704379,0.340213573704379,0.340213573704379,10855,3312,10661,33,0.996969140337987,0.237028555070493,0,"1750260, 2030815, 2165924, 1239180, 333153",validation,percent,5
0.342416072246932,0.342416072246932,0.342416072246932,13623,4140,13281,33,0.997583479789104,0.237644222490098,0,"1750260, 2030815, 2165924, 1239180, 333153",all,percent,5
0.34829529982528,0.34829529982528,0.34829529982528,2768,816,2632,0,1,0.236658932714617,0,"1239180, 2030815, 2165924, 313267, 333153",training,percent,5
0.340512231103597,0.340512231103597,0.340512231103597,10856,3314,10659,32,0.997060984570169,0.237171688255922,0,"1239180, 2030815, 2165924, 313267, 333153",validation,percent,5
0.342068392407126,0.342068392407126,0.342068392407126,13624,4130,13291,32,0.997656707674282,0.237070202629011,0,"1239180, 2030815, 2165924, 313267, 333153",all,percent,5
0.341383560466709,0.341383560466709,0.341383560466709,2768,788,2660,0,1,0.228538283062645,0,"2030815, 1750290, 2165924, 616767, 333153",training,percent,5
0.326117160668099,0.326117160668099,0.326117160668099,10865,3054,10918,23,0.997887582659809,0.218580017177212,1,"2030815, 1750290, 2165924, 616767, 333153",validation,percent,5
0.329168914458673,0.329168914458673,0.329168914458673,13633,3842,13578,23,0.998315758640891,0.220551090700344,1,"2030815, 1750290, 2165924, 616767, 333153",all,percent,5
0.334903227714614,0.334903227714614,0.334903227714614,2768,762,2686,0,1,0.220997679814385,0,"1750290, 2165924, 679289, 616767, 333153",training,percent,5
0.319281552621084,0.319281552621084,0.319281552621084,10868,2936,11036,20,0.998163115356356,0.210134554823934,1,"1750290, 2165924, 679289, 616767, 333153",validation,percent,5
0.322404524871575,0.322404524871575,0.322404524871575,13636,3698,13722,20,0.998535442296426,0.212284730195178,1,"1750290, 2165924, 679289, 616767, 333153",all,percent,5
0.334402125830065,0.334402125830065,0.334402125830065,2768,760,2688,0,1,0.220417633410673,0,"2165924, 1750262, 679289, 616767, 333153",training,percent,5
0.318714384285516,0.318714384285516,0.318714384285516,10868,2927,11045,20,0.998163115356356,0.209490409390209,1,"2165924, 1750262, 679289, 616767, 333153",validation,percent,5
0.321850705505564,0.321850705505564,0.321850705505564,13636,3687,13733,20,0.998535442296426,0.211653272101033,1,"2165924, 1750262, 679289, 616767, 333153",all,percent,5
