snp_sets,tr_score,va_score,co_score,tr_untypeable,va_untypeable,co_untypeable,type,set
"1325648, 170618, 486320, 216579, 1855080",0,0,0,0,0,0,mcc_multi,1
"2112605, 486320, 506981, 1854936, 1447337",0,0,0,0,1,1,mcc_multi,1
"1854936, 1625339, 255255, 450556, 1797450",0,0,0,0,0,0,mcc_multi,1
"2139966, 2015092, 125400, 1814306, 1462675",0,0,0,0,3,3,mcc_multi,1
"1625339, 1855080, 255255, 450556, 1797450",0,0,0,0,0,0,mcc_multi,1
"486320, 170618, 1447337, 1008938, 1867586",0,0,0,0,0,0,mcc_multi,1
"486325, 170618, 1447337, 1008938, 1867586",0,0,0,0,0,0,mcc_multi,1
"486331, 170618, 1447337, 1008938, 1867586",0,0,0,0,0,0,mcc_multi,1
"486347, 170618, 1447337, 1008938, 1867586",0,0,0,0,0,0,mcc_multi,1
"486349, 170618, 1447337, 1008938, 1867586",0,0,0,0,0,0,mcc_multi,1
"1997356, 2165532, 319035, 253241, 505826",0,0,0,0,16,16,mcc_multi,2
"1997357, 2165532, 319035, 253241, 505826",0,0,0,0,16,16,mcc_multi,2
"1997358, 2165532, 319035, 253241, 505826",0,0,0,0,16,16,mcc_multi,2
"1997380, 1020160, 885824, 1273885, 1311704",0,0,0,0,3,3,mcc_multi,2
"1997382, 1020160, 885824, 999752, 303120",0,0,0,0,1,1,mcc_multi,2
"1997476, 140708, 333021, 1658398, 908304",0,0,0,0,10,10,mcc_multi,2
"1421007, 448892, 670518, 1650579, 1645084",0,0,0,0,4,4,mcc_multi,2
"1997470, 140708, 333021, 1658398, 1701488",0,0,0,0,7,7,mcc_multi,2
"222980, 623155, 1119459, 259861, 448892",0,0,0,0,3,3,mcc_multi,2
"1190068, 1020160, 1855557, 908304, 381827",0,0,0,0,4,4,mcc_multi,2
"1817208, 309851, 744156, 1351268, 2156259",0,0,0,0,3,3,mcc_multi,3
"883472, 309851, 744156, 2156259, 1351268",0,0,0,0,1,1,mcc_multi,3
"140984, 2154615, 217253, 71415, 1350097",0,0,0,0,1,1,mcc_multi,3
"2156259, 309851, 744156, 1351268, 1817189",0,0,0,0,3,3,mcc_multi,3
"146478, 309851, 744156, 1351268, 1643676",0,0,0,0,1,1,mcc_multi,3
"1421337, 1817189, 1006436, 1351506, 30385",0,0,0,0,15,15,mcc_multi,3
"639575, 1313696, 1249375, 679289, 523218",0,0,0,0,2,2,mcc_multi,3
"241354, 1804497, 2143506, 679289, 14178",0,0,0,0,2,2,mcc_multi,3
"639574, 1313696, 1249375, 679289, 523218",0,0,0,0,2,2,mcc_multi,3
"1351358, 217253, 1521087, 679289, 683636",0,0,0,0,16,16,mcc_multi,3
"1737822, 853156, 461785, 88140, 1653678",0,0,0,0,0,0,mcc_multi,4
"461785, 284533, 1011891, 1653678, 245064",0,0,0,0,0,0,mcc_multi,4
"1630706, 284533, 1011891, 1653678, 245064",0,0,0,0,0,0,mcc_multi,4
"284533, 782721, 1011891, 1653678, 1873247",0,0,0,0,0,0,mcc_multi,4
"782721, 1011891, 1653678, 1873247, 88429",0,0,0,0,0,0,mcc_multi,4
"782827, 1011891, 1653678, 1873247, 88429",0,0,0,0,0,0,mcc_multi,4
"782868, 1011891, 1653678, 1873247, 88429",0,0,0,0,0,0,mcc_multi,4
"782870, 1011891, 1653678, 1873247, 88429",0,0,0,0,0,0,mcc_multi,4
"782952, 1011891, 1653678, 1873247, 88429",0,0,0,0,0,0,mcc_multi,4
"783021, 1011891, 1653678, 1873247, 88429",0,0,0,0,0,0,mcc_multi,4
"704474, 1315852, 2130139, 313752, 627802",0,0,0,0,0,0,mcc_multi,5
"704476, 1315852, 2130139, 313752, 627802",0,0,0,0,0,0,mcc_multi,5
"455913, 44280, 1314227, 1116715, 1767317",0,0,0,0,5,5,mcc_multi,5
"455916, 44280, 1314227, 1116715, 1767317",0,0,0,0,6,6,mcc_multi,5
"455919, 44280, 1314227, 1116715, 1767317",0,0,0,0,5,5,mcc_multi,5
"455922, 44280, 1314227, 1116715, 1767317",0,0,0,0,5,5,mcc_multi,5
"455889, 44280, 1764557, 1116715, 39733",0,0,0,0,7,7,mcc_multi,5
"1238907, 1315852, 2130139, 313752, 627802",0,0,0,0,0,0,mcc_multi,5
"1315852, 2130139, 313752, 627802, 1690059",0,0,0,0,0,0,mcc_multi,5
"2130139, 313752, 627802, 1690059, 6872",0,0,0,0,1,1,mcc_multi,5
"1522671, 1401809, 196090, 1458806, 2079914",0,0,0,0,9,9,simpson_by_group,1
"604512, 1373318, 2085564, 506267, 1940709",0,0,0,0,25,25,simpson_by_group,1
"1246939, 196090, 1265442, 2014698, 2110503",0,0,0,0,13,13,simpson_by_group,1
"1265442, 196090, 2110493, 241354, 445361",0,0,0,0,1,1,simpson_by_group,1
"1267384, 196090, 1461802, 5672, 885770",0,0,0,0,8,8,simpson_by_group,1
"1458806, 196090, 1461802, 254173, 84072",0,0,0,0,2,2,simpson_by_group,1
"1461802, 196090, 1990233, 668399, 883735",0,0,0,0,5,5,simpson_by_group,1
"36834, 1404073, 1701141, 1373318, 1906180",0,0,0,0,18,18,simpson_by_group,1
"229678, 1289429, 506267, 1940709, 1373318",0,0,0,0,38,38,simpson_by_group,1
"683636, 1906180, 1401809, 1373318, 1733775",0,0,0,0,23,23,simpson_by_group,1
"866044, 1246939, 196090, 704432, 1250652",0,0,0,0,12,12,simpson_by_group,2
"1246939, 1522671, 1421061, 196090, 1528224",0,0,0,0,11,11,simpson_by_group,2
"1522671, 329093, 1404073, 1373318, 1940709",0,0,0,0,28,28,simpson_by_group,2
"628907, 1276491, 1373318, 1940709, 1906180",0,0,0,0,42,42,simpson_by_group,2
"1041640, 196090, 1245469, 1461793, 36834",0,0,0,0,2,2,simpson_by_group,2
"1265442, 1304822, 196090, 239745, 1817331",0,0,0,0,20,20,simpson_by_group,2
"1276491, 506267, 1940709, 1373318, 1906180",0,0,0,0,97,97,simpson_by_group,2
"1304822, 329093, 1373318, 1940709, 1906180",0,0,0,0,70,70,simpson_by_group,2
"1373378, 196090, 1245469, 1258624, 196078",0,0,0,0,0,0,simpson_by_group,2
"1764419, 196090, 1683106, 900185, 121329",0,0,0,0,9,9,simpson_by_group,2
"283379, 1373378, 63512, 176532, 8639",0,0,0,0,0,0,simpson_by_group,3
"866044, 1267384, 196093, 125236, 182551",0,0,0,0,6,6,simpson_by_group,3
"1267384, 1274082, 900185, 196078, 106352",0,0,0,0,11,11,simpson_by_group,3
"1461802, 196090, 726326, 1809259, 1650592",0,0,0,0,4,4,simpson_by_group,3
"1522671, 353983, 73062, 1178405, 1176497",0,0,0,0,12,12,simpson_by_group,3
"1690293, 196078, 196089, 475035, 106352",0,0,0,0,16,16,simpson_by_group,3
"2116221, 196090, 726326, 1809259, 1650592",0,0,0,0,3,3,simpson_by_group,3
"63512, 670751, 1912783, 2026225, 1183677",0,0,0,0,0,0,simpson_by_group,3
"670751, 1912783, 2026225, 1183677, 59682",0,0,0,0,0,0,simpson_by_group,3
"1246939, 2153658, 1178456, 1330282, 2050858",0,0,0,0,15,15,simpson_by_group,3
"391005, 391647, 196090, 2013636, 141041",0,0,0,0,2,2,simpson_by_group,4
"1265442, 506267, 1404562, 1940709, 1373318",0,0,0,0,66,66,simpson_by_group,4
"1365488, 2110493, 196090, 1345043, 405685",0,0,0,0,19,19,simpson_by_group,4
"1522671, 1404073, 71907, 36789, 1373318",0,0,0,0,22,22,simpson_by_group,4
"1764419, 1274140, 1373318, 1906180, 1940709",0,0,0,0,69,69,simpson_by_group,4
"2116221, 196090, 8219, 141041, 351105",0,0,0,0,0,0,simpson_by_group,4
"36834, 1345043, 196089, 1234915, 1827824",0,0,0,0,3,3,simpson_by_group,4
"6827, 1940709, 1274082, 1373318, 1906180",0,0,0,0,31,31,simpson_by_group,4
"351105, 196090, 8219, 141041, 337222",0,0,0,0,1,1,simpson_by_group,4
"1289429, 2110493, 196090, 73062, 1528224",0,0,0,0,15,15,simpson_by_group,4
"1246939, 2085564, 1373318, 1245456, 1274140",0,0,0,0,33,33,simpson_by_group,5
"866044, 228586, 196090, 1683106, 1528224",0,0,0,0,10,10,simpson_by_group,5
"1265442, 1462000, 1373318, 196090, 15480",0,0,0,0,16,16,simpson_by_group,5
"1522671, 1245456, 1178456, 196090, 1683106",0,0,0,0,28,28,simpson_by_group,5
"2035627, 196090, 223629, 1461802, 40889",0,0,0,0,2,2,simpson_by_group,5
"1764419, 2085564, 1373318, 1940709, 506267",0,0,0,0,60,60,simpson_by_group,5
"621062, 151001, 1256601, 1373318, 1733775",0,0,0,0,30,30,simpson_by_group,5
"1041640, 1461802, 196090, 223629, 40889",0,0,0,0,2,2,simpson_by_group,5
"1180051, 1683106, 1404073, 1857406, 196089",0,0,0,0,13,13,simpson_by_group,5
"1373378, 1274140, 1906180, 506267, 1373318",0,0,0,0,39,39,simpson_by_group,5
